model,coverage,novelty,diversity
l2r,10,0.1666208791208791,0.8086974680193927
pop,10,0.01652022373038857,0.5144480132757945
