model,precision,recall,ndcg
l2r,0.001812191103789127,0.0017211475666830051,0.0017298177358368839
pop,0.015156507413509063,0.021414743057002892,0.021979842119218135
tfidf,0.0,0.0,0.0
